日期,标题,链接
2018-10-26,2019年硕士研究生入学考试专业课大纲,http://st.whut.edu.cn/tzgg/201810/t20181026_327582.shtml
2018-10-18,[交通学院]法国船级社总部首席科学家SimeMalenica教授学术报告,http://st.whut.edu.cn/tzgg/201810/t20181018_324723.shtml
2018-10-13,【公示】交通学院2017-2018学年研究生评优评先名单公示,http://st.whut.edu.cn/tzgg/201810/t20181014_324221.shtml
2018-10-13,英国皇家造船师学会学生会员注册邀请,http://st.whut.edu.cn/tzgg/201810/t20181008_323598.shtml
2018-10-09,【公示】交通学院2018级硕士及博士卓越奖学金获奖名单公示,http://st.whut.edu.cn/tzgg/201810/t20181009_323754.shtml
2018-10-09,关于付军副教授率团出访澳大利亚的出访报告,http://st.whut.edu.cn/tzgg/201810/t20181009_323672.shtml
2018-10-03,【公示】2017-2018学年交通学院荣誉称号公示名单,http://st.whut.edu.cn/tzgg/201810/t20181009_323724.shtml
2018-10-03,【公示】2017-2018学年交通学院学校奖学金公示名单,http://st.whut.edu.cn/tzgg/201810/t20181006_323527.shtml
2018-10-03,【公示】2017-2018学年交通学院国家奖学金、国家励志奖学金公示名单,http://st.whut.edu.cn/tzgg/201810/t20181006_323525.shtml
2018-09-28,【公示】交通学院2017-2018学年研究生学业奖学金名单公示,http://st.whut.edu.cn/tzgg/201809/t20180928_323221.shtml
2018-09-28,【公示】交通学院2017-2018学年硕士研究生国家奖学金名单公示,http://st.whut.edu.cn/tzgg/201809/t20180928_323220.shtml
2018-09-28,【公示】交通学院2017-2018学年博士卓越奖学金中期考核结果公示,http://st.whut.edu.cn/tzgg/201809/t20180928_323218.shtml
2018-09-28,【公示】交通学院2018-2019学年班主任选聘结果公示,http://st.whut.edu.cn/tzgg/201809/t20180928_323161.shtml
2018-09-26,【交通学院】2018级船舶与海洋工程学硕班、卓越班选拔结果公示,http://st.whut.edu.cn/tzgg/201809/t20180926_322963.shtml
2018-09-20,杨柳博士学位论文预答辩公告,http://st.whut.edu.cn/tzgg/201809/t20180920_322625.shtml
2018-09-20,【交通学院学术报告】日本广岛大学Yasukawa教授学术报告,http://st.whut.edu.cn/tzgg/201809/t20180920_322617.shtml
2018-09-20,[交通学院]关于2016级、2017级船舶与海洋工程学硕班滚动选拔公示,http://st.whut.edu.cn/tzgg/201809/t20180920_322598.shtml
2018-09-20,关于刘斌教授率团出访比利时、荷兰的出访报告,http://st.whut.edu.cn/tzgg/201809/t20180920_322588.shtml
2018-09-20,交通学院关于开展2019级推荐免试研究生预报名的通知,http://st.whut.edu.cn/tzgg/201809/t20180920_322584.shtml
2018-09-20,关于李晓彬副院长率团出访比利时、荷兰的出访报告,http://st.whut.edu.cn/tzgg/201809/t20180920_322573.shtml
2018-09-19,黄灿博士学位论文答辩公告,http://st.whut.edu.cn/tzgg/201809/t20180919_322508.shtml
2018-09-19,卢升荣博士学位论文预答辩公告,http://st.whut.edu.cn/tzgg/201809/t20180919_322507.shtml
2018-09-18,刘康博士学位论文预答辩公告,http://st.whut.edu.cn/tzgg/201809/t20180918_322362.shtml
2018-09-18,刘涵奇博士学位论文答辩公告,http://st.whut.edu.cn/tzgg/201809/t20180918_322355.shtml
2018-09-18,董琴博士学位论文答辩公告,http://st.whut.edu.cn/tzgg/201809/t20180918_322344.shtml
2018-09-18,黄婷婷博士学位论文预答辩公告,http://st.whut.edu.cn/tzgg/201809/t20180918_322341.shtml
2018-09-14,【交通学院】关于推荐2019年优秀应届本科毕业生免试攻读硕士研究生结果公示,http://st.whut.edu.cn/tzgg/201809/t20180914_322051.shtml
2018-09-12,辛建建博士学位论文答辩公告,http://st.whut.edu.cn/tzgg/201809/t20180912_321760.shtml
2018-09-10,【交通学院】关于开展推荐2019年优秀应届本科毕业生免试攻读硕士研究生工作的通知,http://st.whut.edu.cn/tzgg/201809/t20180910_321412.shtml
2018-09-07,张志华博士学位论文答辩公告,http://st.whut.edu.cn/tzgg/201809/t20180907_321192.shtml
