日期,行业,公司,链接
2018-11-03,互联网,武汉魂力科技有限公司,http://scc.whut.edu.cn/infoView.shtml?iid=5530
2018-11-03,新兴产业,中国华电集团清洁能源有限公司华南分公司,http://scc.whut.edu.cn/infoView.shtml?iid=5529
2018-11-03,建筑建材,武汉都保置业有限责任公司,http://scc.whut.edu.cn/infoView.shtml?iid=5528
2018-11-03,金融,北大方正人寿保险有限公司湖北分公司,http://scc.whut.edu.cn/infoView.shtml?iid=5524
2018-11-02,信息产业,杭州码全信息科技有限公司,http://scc.whut.edu.cn/infoView.shtml?iid=5523
2018-11-02,建筑建材,中交二航局市政建设有限公司,http://scc.whut.edu.cn/infoView.shtml?iid=5522
2018-11-02,电子电工,万裕三信电子（东莞）有限公司,http://scc.whut.edu.cn/infoView.shtml?iid=5520
2018-11-02,金融,汇付天下有限公司,http://scc.whut.edu.cn/infoView.shtml?iid=5519
2018-11-02,机构组织,中国南方电网有限责任公司超高压输电公司,http://scc.whut.edu.cn/infoView.shtml?iid=5517
2018-11-02,文化教育,北京世纪好未来教育科技有限公司,http://scc.whut.edu.cn/infoView.shtml?iid=5516
2018-11-02,电子电工,保定市天河电子技术有限公司,http://scc.whut.edu.cn/infoView.shtml?iid=5514
2018-11-02,信息产业,上海浦津实业有限公司,http://scc.whut.edu.cn/infoView.shtml?iid=5513
2018-11-02,交通物流,武汉市洪山建设投资有限责任公司,http://scc.whut.edu.cn/infoView.shtml?iid=5507
2018-11-01,金融,中国太平洋财产保险股份有限公司东莞分公司,http://scc.whut.edu.cn/infoView.shtml?iid=5506
2018-11-01,选调生,广州市公安局,http://scc.whut.edu.cn/infoView.shtml?iid=5505
2018-11-01,互联网,爱梦想（三亚）网络科技有限责任公司,http://scc.whut.edu.cn/infoView.shtml?iid=5504
2018-11-01,机构组织,宁德时代新能源科技股份有限公司,http://scc.whut.edu.cn/infoView.shtml?iid=5501
2018-11-01,信息产业,珠海博明视觉科技有限公司,http://scc.whut.edu.cn/infoView.shtml?iid=5500
2018-11-01,金融,前海兴邦金融租赁有限责任公司,http://scc.whut.edu.cn/infoView.shtml?iid=5499
2018-11-01,机构组织,长沙银行股份有限公司,http://scc.whut.edu.cn/infoView.shtml?iid=5496
2018-11-01,快消行业,良品铺子股份有限公司,http://scc.whut.edu.cn/infoView.shtml?iid=5489
2018-11-01,金融,中国邮政集团公司江苏省分公司,http://scc.whut.edu.cn/infoView.shtml?iid=5488
2018-11-01,交通物流,烟台港集团有限公司,http://scc.whut.edu.cn/infoView.shtml?iid=5487
2018-11-01,机构组织,深圳市光明新区组织人事局,http://scc.whut.edu.cn/infoView.shtml?iid=5486
2018-11-01,机械机电,福伊特企业管理（上海）有限公司,http://scc.whut.edu.cn/infoView.shtml?iid=5485
2018-11-01,电子电工,安捷伦科技（中国）有限公司,http://scc.whut.edu.cn/infoView.shtml?iid=5484
2018-11-01,机构组织,东莞赣锋电子有限公司,http://scc.whut.edu.cn/infoView.shtml?iid=5483
2018-11-01,互联网,武汉小狮科技有限公司,http://scc.whut.edu.cn/infoView.shtml?iid=5482
2018-11-01,文化教育,温州市鹿城区嘉一才艺（业余）学校,http://scc.whut.edu.cn/infoView.shtml?iid=5481
2018-11-01,文化教育,南方出版传媒股份有限公司,http://scc.whut.edu.cn/infoView.shtml?iid=5480
2018-11-01,水利水电,广州穗能通综合能源有限责任公司,http://scc.whut.edu.cn/infoView.shtml?iid=5479
2018-11-01,信息产业,深圳市威世博知识产权代理事务所（普通合伙）,http://scc.whut.edu.cn/infoView.shtml?iid=5475
2018-11-01,互联网,深圳市星商电子商务有限公司,http://scc.whut.edu.cn/infoView.shtml?iid=5474
2018-11-01,机械机电,中国重汽集团杭州发动机有限公司,http://scc.whut.edu.cn/infoView.shtml?iid=5473
2018-10-31,信息产业,上海东峻信息科技有限公司,http://scc.whut.edu.cn/infoView.shtml?iid=5472
2018-10-31,建筑建材,武汉兴龙湖房地产开发有限公司,http://scc.whut.edu.cn/infoView.shtml?iid=5469
2018-10-31,汽车,海斯坦普汽车组件（北京）有限公司,http://scc.whut.edu.cn/infoView.shtml?iid=5466
2018-10-31,机械机电,无锡机床股份有限公司,http://scc.whut.edu.cn/infoView.shtml?iid=5465
2018-10-31,机械机电,南通中远重工有限公司,http://scc.whut.edu.cn/infoView.shtml?iid=5464
2018-10-31,建筑建材,中材高新氮化物陶瓷有限公司,http://scc.whut.edu.cn/infoView.shtml?iid=5463
